{
  "metrics": {
    "http_req_duration": {
      "type": "trend",
      "contains": "time",
      "values": {
        "avg": 9.95900692662902,
        "min": 3.059,
        "med": 8.850000000000001,
        "max": 119.729,
        "p(90)": 13.2627,
        "p(95)": 15.256549999999997
      }
    },
    "http_req_duration{expected_response:true}": {
      "type": "trend",
      "contains": "time",
      "values": {
        "min": 3.059,
        "med": 8.850000000000001,
        "max": 119.729,
        "p(90)": 13.2627,
        "p(95)": 15.256549999999997,
        "avg": 9.95900692662902
      }
    },
    "http_req_failed": {
      "type": "rate",
      "contains": "default",
      "values": {
        "rate": 0,
        "passes": 0,
        "fails": 3898
      }
    },
    "iteration_duration": {
      "type": "trend",
      "contains": "time",
      "values": {
        "min": 19.767416,
        "med": 309.342688,
        "max": 385.284375,
        "p(90)": 314.0267915,
        "p(95)": 316.50238575000003,
        "avg": 309.27113263911735
      }
    },
    "http_req_connecting": {
      "type": "trend",
      "contains": "time",
      "values": {
        "p(95)": 0,
        "avg": 0.006559004617752695,
        "min": 0,
        "med": 0,
        "max": 1.476,
        "p(90)": 0
      }
    },
    "vus_max": {
      "type": "gauge",
      "contains": "default",
      "values": {
        "value": 40,
        "min": 40,
        "max": 40
      }
    },
    "refresh_duration": {
      "thresholds": {
        "p(95)<5000": {
          "ok": true
        }
      },
      "type": "trend",
      "contains": "time",
      "values": {
        "min": 18.866,
        "med": 26.941499999999998,
        "max": 36.937,
        "p(90)": 35.2855,
        "p(95)": 36.4582,
        "avg": 27.849350000000005
      }
    },
    "http_req_blocked": {
      "type": "trend",
      "contains": "time",
      "values": {
        "avg": 0.013174191893278836,
        "min": 0.001,
        "med": 0.004,
        "max": 2.005,
        "p(90)": 0.008,
        "p(95)": 0.012
      }
    },
    "normal_api_duration": {
      "type": "trend",
      "contains": "time",
      "values": {
        "avg": 9.839730392156834,
        "min": 3.059,
        "med": 8.8255,
        "max": 74.816,
        "p(90)": 13.146,
        "p(95)": 15.00475
      },
      "thresholds": {
        "p(95)<500": {
          "ok": true
        }
      }
    },
    "http_req_sending": {
      "values": {
        "avg": 0.030264494612622313,
        "min": 0.003,
        "med": 0.014,
        "max": 32.555,
        "p(90)": 0.028,
        "p(95)": 0.037
      },
      "type": "trend",
      "contains": "time"
    },
    "checks": {
      "type": "rate",
      "contains": "default",
      "values": {
        "rate": 1,
        "passes": 21,
        "fails": 0
      }
    },
    "http_reqs": {
      "values": {
        "count": 3898,
        "rate": 64.4948396186406
      },
      "type": "counter",
      "contains": "default"
    },
    "http_req_receiving": {
      "type": "trend",
      "contains": "time",
      "values": {
        "min": 0.014,
        "med": 0.053,
        "max": 5.463,
        "p(90)": 0.117,
        "p(95)": 0.152,
        "avg": 0.06951103129810154
      }
    },
    "iterations": {
      "type": "counter",
      "contains": "default",
      "values": {
        "count": 3896,
        "rate": 64.46174837204303
      }
    },
    "http_req_waiting": {
      "type": "trend",
      "contains": "time",
      "values": {
        "min": 3.001,
        "med": 8.757,
        "max": 119.53,
        "p(90)": 13.138,
        "p(95)": 15.194199999999999,
        "avg": 9.859231400718336
      }
    },
    "refresh_success": {
      "type": "counter",
      "contains": "default",
      "values": {
        "count": 20,
        "rate": 0.33091246597558027
      }
    },
    "normal_api_success_rate": {
      "type": "rate",
      "contains": "default",
      "values": {
        "passes": 3876,
        "fails": 0,
        "rate": 1
      },
      "thresholds": {
        "rate>0.95": {
          "ok": true
        }
      }
    },
    "data_received": {
      "type": "counter",
      "contains": "data",
      "values": {
        "count": 9310482,
        "rate": 154047.72790206262
      }
    },
    "vus": {
      "contains": "default",
      "values": {
        "value": 20,
        "min": 20,
        "max": 20
      },
      "type": "gauge"
    },
    "refresh_success_rate": {
      "contains": "default",
      "values": {
        "fails": 0,
        "rate": 1,
        "passes": 20
      },
      "type": "rate"
    },
    "data_sent": {
      "type": "counter",
      "contains": "data",
      "values": {
        "count": 375823,
        "rate": 6218.2257850170245
      }
    },
    "http_req_tls_handshaking": {
      "type": "trend",
      "contains": "time",
      "values": {
        "avg": 0,
        "min": 0,
        "med": 0,
        "max": 0,
        "p(90)": 0,
        "p(95)": 0
      }
    }
  },
  "setup_data": {
    "accessToken": "eyJhbGciOiJIUzI1NiIsInR5cCI6IkpXVCJ9.eyJ1c2VySWQiOiJjbW4wOWI0cnIwMDA4NDI1YnZ5cDRndXFkIiwidHlwZSI6IkJVWUVSIiwiaWF0IjoxNzc0MDk0MDg5LCJleHAiOjE3NzQwOTQ5ODl9.M0KOF9TN657yRAYmX7I0l1IvNn0l2aFKFj1Y1Gh-ihw",
    "productIds": [
      "cmn09b4sm000m425b5j9a40y4",
      "cmn09b4sj000k425b0avt9j9t",
      "cmn09b4sh000i425bncyviavf",
      "cmn09b4se000g425bsgbhoetm",
      "cmn09b4sb000e425bv8qukjcp"
    ],
    "refreshToken": "eyJhbGciOiJIUzI1NiIsInR5cCI6IkpXVCJ9.eyJ1c2VySWQiOiJjbW4wOWI0cnIwMDA4NDI1YnZ5cDRndXFkIiwidHlwZSI6IkJVWUVSIiwibG9naW5BdCI6MTc3NDA5NDA4OTIxNSwiaWF0IjoxNzc0MDk0MDg5LCJleHAiOjE3NzQ2OTg4ODl9.3ieuQ1TtWAxjzA4TcvDkcteWaujc6p6jj8jS_5dIqKo"
  },
  "root_group": {
    "name": "",
    "path": "",
    "id": "d41d8cd98f00b204e9800998ecf8427e",
    "groups": [
      {
        "name": "setup",
        "path": "::setup",
        "id": "5c0f8025f7e0b6654089e5b00e950f1a",
        "groups": [],
        "checks": [
            {
              "name": "setup: 로그인 성공 (201)",
              "path": "::setup::setup: 로그인 성공 (201)",
              "id": "423db3294968a2747d35657b3913f87c",
              "passes": 1,
              "fails": 0
            }
          ]
      }
    ],
    "checks": [
      {
        "name": "refresh 성공 (200)",
        "path": "::refresh 성공 (200)",
        "id": "f95322fc6cef48bd362596ad39aee1d7",
        "passes": 20,
        "fails": 0
      }
    ]
  },
  "options": {
    "summaryTrendStats": [
      "avg",
      "min",
      "med",
      "max",
      "p(90)",
      "p(95)"
    ],
    "summaryTimeUnit": "",
    "noColor": false
  },
  "state": {
    "testRunDurationMs": 60438.944,
    "isStdOutTTY": false,
    "isStdErrTTY": false
  }
}